,Symbol
0,A
1,AA
2,AAAU
3,AAC
4,AAL
5,AAN
6,AAOI
7,AAON
8,AAP
9,AAPL
10,AAT
11,AAU
12,AAWW
13,AAXJ
14,AB
15,ABB
16,ABBV
17,ABC
18,ABCB
19,ABCL
20,ABEO
21,ABEV
22,ABG
23,ABM
24,ABMD
25,ABNB
26,ABOS
27,ABR
28,ABSI
29,ABT
30,ABUS
31,ACA
32,ACACU
33,ACAD
34,ACB
35,ACC
36,ACCD
37,ACCO
38,ACEL
39,ACER
40,ACET
41,ACGL
42,ACHC
43,ACHR
44,ACI
45,ACIW
46,ACLS
47,ACLX
48,ACM
49,ACMR
50,ACN
51,ACON
52,ACOR
53,ACRE
54,ACRS
55,ACRX
56,ACT
57,ACTG
58,ACVA
59,ACWI
60,ACWV
61,ACWX
62,ADAP
63,ADBE
64,ADC
65,ADCT
66,ADGI
67,ADI
68,ADM
69,ADMA
70,ADMP
71,ADN
72,ADNT
73,ADP
74,ADPT
75,ADSK
76,ADT
77,ADTH
78,ADTN
79,ADTX
80,ADV
81,ADVM
82,AEE
83,AEG
84,AEHL
85,AEHR
86,AEI
87,AEL
88,AEM
89,AEMD
90,AEO
91,AEP
92,AER
93,AERC
94,AERI
95,AES
96,AEVA
97,AEZS
98,AFG
99,AFIB
100,AFL
101,AFMD
102,AFRM
103,AFYA
104,AG
105,AGCB
106,AGCO
107,AGEN
108,AGFY
109,AGG
110,AGGY
111,AGI
112,AGIO
113,AGL
114,AGLE
115,AGMH
116,AGNC
117,AGO
118,AGQ
119,AGR
120,AGRI
121,AGRO
122,AGRX
123,AGS
124,AGTC
125,AHCO
126,AHH
127,AHT
128,AI
129,AIG
130,AIM
131,AIMC
132,AINV
133,AIR
134,AIRC
135,AIT
136,AIV
137,AIZ
138,AJG
139,AJRD
140,AKA
141,AKAM
142,AKAN
143,AKBA
144,AKR
145,AKRO
146,AKTS
147,AL
148,ALB
149,ALBO
150,ALC
151,ALDX
152,ALE
153,ALEC
154,ALEX
155,ALF
156,ALGM
157,ALGN
158,ALGS
159,ALGT
160,ALHC
161,ALIT
162,ALK
163,ALKS
164,ALKT
165,ALL
166,ALLE
167,ALLG
168,ALLK
169,ALLO
170,ALLT
171,ALLY
172,ALNA
173,ALNY
174,ALPP
175,ALRM
176,ALRN
177,ALSN
178,ALT
179,ALTO
180,ALTR
181,ALV
182,ALVR
183,ALXO
184,ALZN
185,AM
186,AMAT
187,AMBA
188,AMBC
189,AMBO
190,AMBP
191,AMC
192,AMCR
193,AMCX
194,AMD
195,AME
196,AMED
197,AMEH
198,AMG
199,AMGN
200,AMH
201,AMJ
202,AMKR
203,AMLP
204,AMLX
205,AMN
206,AMP
207,AMPE
208,AMPH
209,AMPL
210,AMPS
211,AMPY
212,AMR
213,AMRC
214,AMRK
215,AMRN
216,AMRS
217,AMRX
218,AMSC
219,AMT
220,AMTI
221,AMTX
222,AMWL
223,AMX
224,AMZN
225,AN
226,ANAB
227,ANDE
228,ANET
229,ANF
230,ANGH
231,ANGI
232,ANGL
233,ANGO
234,ANNX
235,ANPC
236,ANSS
237,ANTM
238,ANY
239,AOD
240,AOK
241,AOM
242,AON
243,AOR
244,AORT
245,AOS
246,AOSL
247,APA
248,APAM
249,APD
250,APG
251,APH
252,API
253,APLD
254,APLE
255,APLS
256,APLT
257,APO
258,APOG
259,APP
260,APPH
261,APPN
262,APPS
263,APRE
264,APRN
265,APTO
266,APTS
267,APTV
268,APTX
269,APVO
270,APYX
271,AQB
272,AQMS
273,AQN
274,AQST
275,AQUA
276,AR
277,ARAY
278,ARCB
279,ARCC
280,ARCH
281,ARCO
282,ARCT
283,ARDX
284,ARE
285,AREB
286,AREC
287,ARES
288,ARGO
289,ARGX
290,ARHS
291,ARI
292,ARIS
293,ARKF
294,ARKG
295,ARKK
296,ARKO
297,ARKQ
298,ARKW
299,ARLO
300,ARLP
301,ARMK
302,ARNC
303,AROC
304,ARQQ
305,ARQT
306,ARR
307,ARRY
308,ARTL
309,ARVL
310,ARVN
311,ARW
312,ARWR
313,ASAI
314,ASAN
315,ASB
316,ASC
317,ASG
318,ASGN
319,ASH
320,ASHR
321,ASIX
322,ASLN
323,ASM
324,ASMB
325,ASML
326,ASND
327,ASO
328,ASPN
329,ASRT
330,ASTL
331,ASTR
332,ASTS
333,ASX
334,ASXC
335,ASZ
336,ATAI
337,ATC
338,ATCO
339,ATEC
340,ATEN
341,ATER
342,ATGE
343,ATHA
344,ATHM
345,ATHX
346,ATI
347,ATIP
348,ATKR
349,ATNF
350,ATNM
351,ATNX
352,ATO
353,ATOM
354,ATOS
355,ATR
356,ATRA
357,ATRC
358,ATSG
359,ATUS
360,ATVI
361,ATXI
362,AU
363,AUB
364,AUD
365,AUMN
366,AUPH
367,AUR
368,AUS
369,AUST
370,AUTL
371,AUTO
372,AUUD
373,AUVI
374,AUY
375,AVA
376,AVAH
377,AVAN
378,AVAV
379,AVB
380,AVCT
381,AVD
382,AVDE
383,AVDL
384,AVDV
385,AVDX
386,AVEM
387,AVEO
388,AVGO
389,AVID
390,AVIR
391,AVLR
392,AVNS
393,AVNT
394,AVPT
395,AVRO
396,AVT
397,AVTR
398,AVTX
399,AVUS
400,AVUV
401,AVXL
402,AVY
403,AVYA
404,AWF
405,AWH
406,AWI
407,AWK
408,AWP
409,AX
410,AXDX
411,AXGN
412,AXL
413,AXNX
414,AXON
415,AXP
416,AXS
417,AXSM
418,AXTA
419,AXU
420,AY
421,AYI
422,AYRO
423,AYTU
424,AYX
425,AZEK
426,AZN
427,AZPN
428,AZTA
429,AZUL
430,B
431,BA
432,BAB
433,BABA
434,BAC
435,BAH
436,BAK
437,BALL
438,BALY
439,BAM
440,BANC
441,BAND
442,BAOS
443,BAP
444,BAR
445,BARK
446,BASE
447,BAX
448,BB
449,BBAI
450,BBAR
451,BBAX
452,BBBY
453,BBCA
454,BBD
455,BBDC
456,BBEU
457,BBI
458,BBIG
459,BBIO
460,BBJP
461,BBLG
462,BBLN
463,BBN
464,BBVA
465,BBW
466,BBWI
467,BBY
468,BC
469,BCAB
470,BCAT
471,BCC
472,BCDA
473,BCE
474,BCEL
475,BCI
476,BCO
477,BCOR
478,BCRX
479,BCS
480,BCSF
481,BCTX
482,BCX
483,BCYC
484,BDC
485,BDJ
486,BDN
487,BDRY
488,BDSX
489,BDTX
490,BDX
491,BE
492,BEAM
493,BECN
494,BEEM
495,BEKE
496,BEN
497,BEP
498,BEPC
499,BERY
500,BEST
501,BF-B
502,BFAM
503,BFH
504,BFLY
505,BFRI
506,BG
507,BGCP
508,BGFV
509,BGNE
510,BGRY
511,BGS
512,BGXX
513,BGY
514,BHC
515,BHF
516,BHG
517,BHIL
518,BHK
519,BHLB
520,BHP
521,BHR
522,BHVN
523,BIDU
524,BIG
525,BIGC
526,BIGZ
527,BIIB
528,BIL
529,BILI
530,BILL
531,BIMI
532,BIO
533,BIOR
534,BIP
535,BIPC
536,BIRD
537,BITF
538,BITO
539,BIV
540,BIZD
541,BJ
542,BJDX
543,BJRI
544,BK
545,BKCC
546,BKD
547,BKE
548,BKEP
549,BKH
550,BKI
551,BKKT
552,BKLN
553,BKNG
554,BKR
555,BKSY
556,BKT
557,BKU
558,BL
559,BLBX
560,BLCO
561,BLD
562,BLDE
563,BLDP
564,BLDR
565,BLFS
566,BLI
567,BLK
568,BLKB
569,BLMN
570,BLND
571,BLNK
572,BLOK
573,BLTE
574,BLU
575,BLUE
576,BLV
577,BMA
578,BMBL
579,BMEZ
580,BMO
581,BMRN
582,BMY
583,BND
584,BNDX
585,BNED
586,BNGO
587,BNL
588,BNO
589,BNR
590,BNS
591,BNTX
592,BODY
593,BOH
594,BOIL
595,BOLT
596,BOND
597,BOOT
598,BORR
599,BOTZ
600,BOWL
601,BOX
602,BOXD
603,BOXL
604,BP
605,BPMC
606,BPOP
607,BPT
608,BR
609,BRBR
610,BRC
611,BRCC
612,BRDS
613,BREZ
614,BRFS
615,BRG
616,BRK-B
617,BRKL
618,BRKR
619,BRLT
620,BRMK
621,BRN
622,BRO
623,BROS
624,BRP
625,BRQS
626,BRSP
627,BRX
628,BRY
629,BRZE
630,BSAC
631,BSBR
632,BSCM
633,BSCN
634,BSCO
635,BSCP
636,BSCQ
637,BSGM
638,BSIG
639,BSJM
640,BSJN
641,BSJO
642,BSM
643,BSTZ
644,BSV
645,BSX
646,BSY
647,BTAI
648,BTAL
649,BTB
650,BTBT
651,BTCM
652,BTF
653,BTG
654,BTI
655,BTMD
656,BTOG
657,BTRS
658,BTTX
659,BTU
660,BTWN
661,BTX
662,BTZ
663,BUD
664,BUG
665,BULZ
666,BUR
667,BURL
668,BVN
669,BVS
670,BVXV
671,BW
672,BWA
673,BWV
674,BWX
675,BWXT
676,BX
677,BXMT
678,BXMX
679,BXP
680,BXRX
681,BXSL
682,BYD
683,BYFC
684,BYND
685,BYSI
686,BZ
687,BZFD
688,BZH
689,BZUN
690,C
691,CADE
692,CAE
693,CAG
694,CAH
695,CAJ
696,CAKE
697,CAL
698,CALF
699,CALM
700,CALX
701,CAMP
702,CAN
703,CANG
704,CANO
705,CAR
706,CARA
707,CARG
708,CARR
709,CARS
710,CARV
711,CASA
712,CASH
713,CASY
714,CAT
715,CATY
716,CB
717,CBAT
718,CBAY
719,CBD
720,CBIO
721,CBL
722,CBOE
723,CBRE
724,CBRL
725,CBSH
726,CBT
727,CBU
728,CBZ
729,CC
730,CCCC
731,CCCS
732,CCEP
733,CCI
734,CCJ
735,CCK
736,CCL
737,CCMP
738,CCO
739,CCOI
740,CCRN
741,CCS
742,CCVI
743,CCXI
744,CD
745,CDAY
746,CDC
747,CDE
748,CDEV
749,CDK
750,CDLX
751,CDMO
752,CDNA
753,CDNS
754,CDR
755,CDTX
756,CDW
757,CDXC
758,CDXS
759,CDZI
760,CE
761,CEAD
762,CEF
763,CEG
764,CEI
765,CEIX
766,CELH
767,CELU
768,CELZ
769,CEMI
770,CENN
771,CENX
772,CEQP
773,CERE
774,CERS
775,CERT
776,CETX
777,CF
778,CFFN
779,CFG
780,CFLT
781,CFMS
782,CFR
783,CFVI
784,CG
785,CGBD
786,CGC
787,CGDV
788,CGEM
789,CGEN
790,CGGO
791,CGGR
792,CGNT
793,CGNX
794,CGXU
795,CHD
796,CHDN
797,CHEF
798,CHEK
799,CHGG
800,CHH
801,CHI
802,CHK
803,CHKP
804,CHMI
805,CHNG
806,CHPT
807,CHRS
808,CHRW
809,CHS
810,CHTR
811,CHWY
812,CHX
813,CI
814,CIB
815,CIBR
816,CIDM
817,CIEN
818,CIFR
819,CIG
820,CIK
821,CIM
822,CINF
823,CIO
824,CION
825,CISO
826,CIVI
827,CKPT
828,CL
829,CLAR
830,CLB
831,CLBS
832,CLBT
833,CLDT
834,CLDX
835,CLEU
836,CLF
837,CLH
838,CLM
839,CLNE
840,CLOU
841,CLOV
842,CLR
843,CLS
844,CLSA
845,CLSC
846,CLSD
847,CLSK
848,CLSN
849,CLVR
850,CLVRW
851,CLVS
852,CLVT
853,CLX
854,CLXT
855,CM
856,CMA
857,CMAX
858,CMC
859,CMCSA
860,CME
861,CMF
862,CMG
863,CMI
864,CMLS
865,CMP
866,CMPS
867,CMPX
868,CMRA
869,CMRE
870,CMRX
871,CMS
872,CMTG
873,CNC
874,CNCE
875,CND
876,CNDT
877,CNHI
878,CNI
879,CNK
880,CNM
881,CNMD
882,CNNE
883,CNO
884,CNP
885,CNQ
886,CNR
887,CNSL
888,CNSP
889,CNTA
890,CNTB
891,CNTX
892,CNX
893,CNXC
894,CNYA
895,COCO
896,COCP
897,CODI
898,CODX
899,COF
900,COGT
901,COHR
902,COHU
903,COIN
904,COLB
905,COLD
906,COLL
907,COLM
908,COMM
909,COMP
910,COMS
911,COMT
912,CONN
913,COO
914,COOK
915,COOP
916,COP
917,COPX
918,CORN
919,CORT
920,CORZ
921,COSM
922,COST
923,COTY
924,COUP
925,COUR
926,COWN
927,COWZ
928,CP
929,CPA
930,CPB
931,CPE
932,CPG
933,CPHI
934,CPNG
935,CPOP
936,CPRI
937,CPRT
938,CPRX
939,CPS
940,CPSH
941,CPT
942,CPTN
943,CPUH
944,CQQQ
945,CR
946,CRBP
947,CRBU
948,CRC
949,CRCT
950,CRDF
951,CRDL
952,CRDO
953,CRESY
954,CREX
955,CRF
956,CRGE
957,CRGY
958,CRH
959,CRHC
960,CRI
961,CRIS
962,CRK
963,CRL
964,CRM
965,CRMD
966,CRNC
967,CRNT
968,CRNX
969,CRON
970,CROX
971,CRS
972,CRSP
973,CRSR
974,CRTD
975,CRTO
976,CRTX
977,CRUS
978,CRVS
979,CRWD
980,CRXT
981,CS
982,CSAN
983,CSCO
984,CSCW
985,CSGP
986,CSGS
987,CSII
988,CSIQ
989,CSL
990,CSQ
991,CSSE
992,CSTL
993,CSTM
994,CSX
995,CTAS
996,CTEK
997,CTIC
998,CTKB
999,CTLP
1000,CTLT
1001,CTMX
1002,CTOS
1003,CTRA
1004,CTRE
1005,CTRM
1006,CTRN
1007,CTSH
1008,CTSO
1009,CTT
1010,CTVA
1011,CTXR
1012,CTXS
1013,CUBE
1014,CUBI
1015,CUE
1016,CUEN
1017,CUK
1018,CURI
1019,CURV
1020,CUTR
1021,CUZ
1022,CVAC
1023,CVBF
1024,CVE
1025,CVET
1026,CVI
1027,CVII
1028,CVLT
1029,CVM
1030,CVNA
1031,CVS
1032,CVT
1033,CVX
1034,CW
1035,CWAN
1036,CWB
1037,CWBR
1038,CWEB
1039,CWEN
1040,CWEN-A
1041,CWH
1042,CWI
1043,CWK
1044,CWST
1045,CWT
1046,CX
1047,CXM
1048,CXW
1049,CYBN
1050,CYBR
1051,CYCC
1052,CYCN
1053,CYH
1054,CYN
1055,CYRN
1056,CYRX
1057,CYTK
1058,CYTO
1059,CYXT
1060,CZOO
1061,CZR
1062,D
1063,DAC
1064,DADA
1065,DAKT
1066,DAL
1067,DAN
1068,DAO
1069,DAR
1070,DARE
1071,DASH
1072,DATS
1073,DAVA
1074,DAVE
1075,DAWN
1076,DB
1077,DBA
1078,DBB
1079,DBC
1080,DBD
1081,DBEF
1082,DBGI
1083,DBI
1084,DBO
1085,DBRG
1086,DBVT
1087,DBX
1088,DC
1089,DCFC
1090,DCGO
1091,DCI
1092,DCP
1093,DCPH
1094,DCT
1095,DD
1096,DDD
1097,DDL
1098,DDM
1099,DDOG
1100,DDS
1101,DE
1102,DEA
1103,DECK
1104,DEI
1105,DELL
1106,DEM
1107,DEN
1108,DENN
1109,DEO
1110,DESP
1111,DFAC
1112,DFAI
1113,DFAS
1114,DFAT
1115,DFAU
1116,DFAX
1117,DFCF
1118,DFEM
1119,DFEN
1120,DFH
1121,DFIC
1122,DFIN
1123,DFIV
1124,DFS
1125,DFSD
1126,DFSV
1127,DFUS
1128,DFUV
1129,DG
1130,DGLY
1131,DGNU
1132,DGRO
1133,DGRW
1134,DGS
1135,DGX
1136,DH
1137,DHC
1138,DHF
1139,DHI
1140,DHR
1141,DHT
1142,DHX
1143,DHY
1144,DIA
1145,DIAL
1146,DIBS
1147,DICE
1148,DIG
1149,DIHP
1150,DIN
1151,DINO
1152,DIOD
1153,DIS
1154,DISH
1155,DISV
1156,DIVO
1157,DJP
1158,DK
1159,DKNG
1160,DKS
1161,DLB
1162,DLN
1163,DLNG
1164,DLO
1165,DLPN
1166,DLR
1167,DLTR
1168,DLX
1169,DM
1170,DMTK
1171,DNA
1172,DNAY
1173,DNB
1174,DNLI
1175,DNMR
1176,DNN
1177,DNOW
1178,DNP
1179,DNUT
1180,DO
1181,DOC
1182,DOCN
1183,DOCS
1184,DOCU
1185,DOG
1186,DOGZ
1187,DOLE
1188,DOMA
1189,DOMO
1190,DON
1191,DOOR
1192,DOUG
1193,DOV
1194,DOW
1195,DOX
1196,DOYU
1197,DPRO
1198,DPSI
1199,DPST
1200,DPZ
1201,DQ
1202,DRCT
1203,DRD
1204,DRE
1205,DRH
1206,DRI
1207,DRIO
1208,DRIP
1209,DRIV
1210,DRN
1211,DRQ
1212,DRRX
1213,DRSK
1214,DRTS
1215,DRV
1216,DRVN
1217,DS
1218,DSEY
1219,DSGX
1220,DSI
1221,DSKE
1222,DSL
1223,DSS
1224,DSX
1225,DT
1226,DTC
1227,DTE
1228,DTIL
1229,DTM
1230,DTST
1231,DUG
1232,DUHP
1233,DUK
1234,DUOL
1235,DUST
1236,DV
1237,DVA
1238,DVAX
1239,DVN
1240,DVY
1241,DWAC
1242,DWACW
1243,DX
1244,DXC
1245,DXCM
1246,DXD
1247,DXJ
1248,DXLG
1249,DY
1250,E
1251,EA
1252,EAF
1253,EAGG
1254,EAR
1255,EAT
1256,EB
1257,EBAY
1258,EBC
1259,EBET
1260,EBIX
1261,EBND
1262,EBON
1263,EBR
1264,EBS
1265,EC
1266,ECAT
1267,ECC
1268,ECH
1269,ECL
1270,ECOM
1271,ECOR
1272,ECPG
1273,ECVT
1274,ED
1275,EDBL
1276,EDD
1277,EDIT
1278,EDR
1279,EDU
1280,EDV
1281,EDZ
1282,EE
1283,EEFT
1284,EELV
1285,EEM
1286,EEMV
1287,EFA
1288,EFAV
1289,EFC
1290,EFG
1291,EFOI
1292,EFV
1293,EFX
1294,EGBN
1295,EGHT
1296,EGLE
1297,EGLX
1298,EGO
1299,EGP
1300,EGY
1301,EH
1302,EHC
1303,EHTH
1304,EIDO
1305,EIGR
1306,EIM
1307,EIX
1308,EJH
1309,EKSO
1310,EL
1311,ELAN
1312,ELEV
1313,ELF
1314,ELMS
1315,ELOX
1316,ELP
1317,ELS
1318,ELY
1319,ELYM
1320,EMAN
1321,EMB
1322,EMBC
1323,EMBK
1324,EMD
1325,EME
1326,EMKR
1327,EMLC
1328,EMLP
1329,EMN
1330,EMR
1331,EMWP
1332,EMXC
1333,ENB
1334,ENDP
1335,ENFN
1336,ENIA
1337,ENIC
1338,ENJY
1339,ENLC
1340,ENOB
1341,ENOV
1342,ENPH
1343,ENR
1344,ENS
1345,ENSC
1346,ENSG
1347,ENSV
1348,ENTA
1349,ENTG
1350,ENV
1351,ENVA
1352,ENVB
1353,ENVX
1354,EOG
1355,EOLS
1356,EOSE
1357,EPAC
1358,EPAM
1359,EPC
1360,EPD
1361,EPI
1362,EPIX
1363,EPOL
1364,EPP
1365,EPR
1366,EPRT
1367,EPSN
1368,EPV
1369,EPZM
1370,EQC
1371,EQH
1372,EQIX
1373,EQNR
1374,EQOS
1375,EQR
1376,EQRX
1377,EQT
1378,EQX
1379,ERAS
1380,ERF
1381,ERIC
1382,ERII
1383,ERJ
1384,ERX
1385,ERY
1386,ERYP
1387,ES
1388,ESAB
1389,ESGD
1390,ESGE
1391,ESGU
1392,ESGV
1393,ESI
1394,ESMT
1395,ESNT
1396,ESOA
1397,ESPR
1398,ESRT
1399,ESS
1400,ESSC
1401,ESTA
1402,ESTC
1403,ESTE
1404,ET
1405,ETD
1406,ETJ
1407,ETN
1408,ETNB
1409,ETR
1410,ETRN
1411,ETSY
1412,ETTX
1413,ETV
1414,ETW
1415,ETWO
1416,ETY
1417,EUFN
1418,EUM
1419,EURN
1420,EVA
1421,EVAX
1422,EVBG
1423,EVC
1424,EVCM
1425,EVER
1426,EVEX
1427,EVFM
1428,EVGO
1429,EVH
1430,EVLO
1431,EVLV
1432,EVOK
1433,EVOP
1434,EVR
1435,EVRG
1436,EVRI
1437,EVTC
1438,EVTL
1439,EVV
1440,EW
1441,EWA
1442,EWBC
1443,EWC
1444,EWCZ
1445,EWD
1446,EWG
1447,EWH
1448,EWI
1449,EWJ
1450,EWL
1451,EWM
1452,EWN
1453,EWP
1454,EWQ
1455,EWS
1456,EWT
1457,EWTX
1458,EWU
1459,EWW
1460,EWY
1461,EWZ
1462,EXAS
1463,EXC
1464,EXEL
1465,EXFY
1466,EXG
1467,EXK
1468,EXLS
1469,EXN
1470,EXP
1471,EXPD
1472,EXPE
1473,EXPI
1474,EXPO
1475,EXPR
1476,EXR
1477,EXTN
1478,EXTR
1479,EYE
1480,EYES
1481,EZA
1482,EZPW
1483,EZU
1484,F
1485,FA
1486,FAF
1487,FALN
1488,FAMI
1489,FANG
1490,FAS
1491,FAST
1492,FATE
1493,FAX
1494,FAZ
1495,FBC
1496,FBHS
1497,FBIO
1498,FBND
1499,FBP
1500,FBRT
1501,FCEL
1502,FCF
1503,FCFS
1504,FCG
1505,FCN
1506,FCOM
1507,FCPT
1508,FCX
1509,FDL
1510,FDMT
1511,FDN
1512,FDS
1513,FDVV
1514,FDX
1515,FE
1516,FEAM
1517,FEDU
1518,FEI
1519,FELE
1520,FENY
1521,FERG
1522,FEZ
1523,FF
1524,FFBC
1525,FFIE
1526,FFIN
1527,FFIV
1528,FFWM
1529,FGEN
1530,FGRO
1531,FHB
1532,FHI
1533,FHN
1534,FIBK
1535,FICO
1536,FIGS
1537,FINV
1538,FINX
1539,FIS
1540,FISV
1541,FITB
1542,FIVE
1543,FIVN
1544,FIXD
1545,FIXX
1546,FIZZ
1547,FL
1548,FLCB
1549,FLCO
1550,FLEX
1551,FLGB
1552,FLGC
1553,FLGT
1554,FLJP
1555,FLL
1556,FLNC
1557,FLNG
1558,FLNT
1559,FLO
1560,FLOT
1561,FLR
1562,FLRN
1563,FLS
1564,FLT
1565,FLTR
1566,FLWS
1567,FLYW
1568,FMB
1569,FMC
1570,FMS
1571,FMTX
1572,FMX
1573,FNA
1574,FNB
1575,FNCH
1576,FND
1577,FNDA
1578,FNDC
1579,FNDE
1580,FNDF
1581,FNDX
1582,FNF
1583,FNGD
1584,FNGU
1585,FNHC
1586,FNKO
1587,FNV
1588,FOA
1589,FOCS
1590,FOLD
1591,FORG
1592,FORM
1593,FOSL
1594,FOUR
1595,FOX
1596,FOXA
1597,FOXF
1598,FPAC
1599,FPE
1600,FPEI
1601,FPI
1602,FR
1603,FRBK
1604,FRC
1605,FREE
1606,FREL
1607,FREQ
1608,FREY
1609,FRG
1610,FRGE
1611,FRGI
1612,FRME
1613,FRO
1614,FROG
1615,FRPT
1616,FRSH
1617,FRSX
1618,FRT
1619,FSK
1620,FSLR
1621,FSLY
1622,FSM
1623,FSP
1624,FSR
1625,FSRD
1626,FSS
1627,FSTA
1628,FTAI
1629,FTCH
1630,FTCI
1631,FTCS
1632,FTCV
1633,FTDR
1634,FTEC
1635,FTFT
1636,FTGC
1637,FTI
1638,FTK
1639,FTNT
1640,FTRI
1641,FTRP
1642,FTS
1643,FTSL
1644,FTSM
1645,FTV
1646,FTXN
1647,FUBO
1648,FUL
1649,FULC
1650,FULT
1651,FUN
1652,FUTU
1653,FUTY
1654,FUV
1655,FV
1656,FVD
1657,FVRR
1658,FWBI
1659,FWONK
1660,FXD
1661,FXG
1662,FXI
1663,FXLV
1664,FXN
1665,FXO
1666,FXR
1667,FXZ
1668,FYBR
1669,G
1670,GAB
1671,GAN
1672,GASS
1673,GATO
1674,GAU
1675,GBCI
1676,GBDC
1677,GBIL
1678,GBIO
1679,GBOX
1680,GBS
1681,GBT
1682,GBTG
1683,GBX
1684,GCI
1685,GCO
1686,GCOW
1687,GCP
1688,GD
1689,GDDY
1690,GDEN
1691,GDOT
1692,GDRX
1693,GDS
1694,GDX
1695,GDXJ
1696,GDXU
1697,GDYN
1698,GE
1699,GEF
1700,GEL
1701,GEM
1702,GENI
1703,GEO
1704,GERN
1705,GES
1706,GEVO
1707,GFAI
1708,GFF
1709,GFI
1710,GFL
1711,GFS
1712,GGAL
1713,GGB
1714,GGG
1715,GGN
1716,GGPI
1717,GGR
1718,GH
1719,GHL
1720,GHSI
1721,GIII
1722,GIL
1723,GILD
1724,GILT
1725,GIS
1726,GKOS
1727,GL
1728,GLBE
1729,GLBS
1730,GLD
1731,GLDD
1732,GLDG
1733,GLDM
1734,GLG
1735,GLNG
1736,GLO
1737,GLOB
1738,GLOP
1739,GLOV
1740,GLPG
1741,GLPI
1742,GLT
1743,GLUE
1744,GLW
1745,GM
1746,GMAB
1747,GMBL
1748,GMDA
1749,GME
1750,GMED
1751,GMRE
1752,GMS
1753,GMVD
1754,GNK
1755,GNL
1756,GNLN
1757,GNR
1758,GNRC
1759,GNS
1760,GNTX
1761,GNUS
1762,GNW
1763,GO
1764,GOCO
1765,GOED
1766,GOEV
1767,GOF
1768,GOGL
1769,GOGO
1770,GOL
1771,GOLD
1772,GOLF
1773,GOOD
1774,GOOG
1775,GOOGL
1776,GOOS
1777,GORO
1778,GOSS
1779,GOTU
1780,GOVT
1781,GOVX
1782,GPC
1783,GPK
1784,GPL
1785,GPMT
1786,GPN
1787,GPOR
1788,GPRE
1789,GPRK
1790,GPRO
1791,GPS
1792,GRAB
1793,GRBK
1794,GREE
1795,GRFS
1796,GRIL
1797,GRIN
1798,GRMN
1799,GRNA
1800,GRNQ
1801,GROM
1802,GROY
1803,GRPH
1804,GRPN
1805,GRTS
1806,GRWG
1807,GS
1808,GSAT
1809,GSBD
1810,GSG
1811,GSHD
1812,GSIE
1813,GSK
1814,GSL
1815,GSLC
1816,GSM
1817,GSV
1818,GSY
1819,GT
1820,GTE
1821,GTES
1822,GTH
1823,GTHX
1824,GTLB
1825,GTLS
1826,GTN
1827,GTO
1828,GTX
1829,GTY
1830,GTYH
1831,GUNR
1832,GUSH
1833,GVA
1834,GWH
1835,GWRE
1836,GWW
1837,GXO
1838,H
1839,HA
1840,HACK
1841,HAE
1842,HAIN
1843,HAL
1844,HALO
1845,HAPP
1846,HARP
1847,HAS
1848,HASI
1849,HAYW
1850,HBAN
1851,HBI
1852,HBIO
1853,HBM
1854,HCA
1855,HCAT
1856,HCC
1857,HCDI
1858,HCM
1859,HCP
1860,HCSG
1861,HD
1862,HDB
1863,HDEF
1864,HDSN
1865,HDV
1866,HE
1867,HEAR
1868,HEES
1869,HEFA
1870,HEI
1871,HEI-A
1872,HEP
1873,HEPA
1874,HEPS
1875,HERA
1876,HES
1877,HESM
1878,HEWJ
1879,HEXO
1880,HEZU
1881,HFRO
1882,HGEN
1883,HGTY
1884,HGV
1885,HHC
1886,HI
1887,HIBB
1888,HIBS
1889,HIG
1890,HII
1891,HILS
1892,HIMS
1893,HIMX
1894,HIO
1895,HIPO
1896,HIVE
1897,HIW
1898,HIX
1899,HL
1900,HLBZ
1901,HLF
1902,HLGN
1903,HLI
1904,HLIT
1905,HLLY
1906,HLMN
1907,HLNE
1908,HLT
1909,HLTH
1910,HLX
1911,HMC
1912,HMLP
1913,HMN
1914,HMTV
1915,HMY
1916,HNDL
1917,HNI
1918,HNRG
1919,HNST
1920,HOFV
1921,HOG
1922,HOLI
1923,HOLX
1924,HOMB
1925,HON
1926,HOOD
1927,HOOK
1928,HOPE
1929,HOTH
1930,HOUR
1931,HOUS
1932,HOWL
1933,HP
1934,HPE
1935,HPK
1936,HPP
1937,HPQ
1938,HQY
1939,HR
1940,HRB
1941,HRI
1942,HRL
1943,HRMY
1944,HRT
1945,HRTG
1946,HRTX
1947,HRZN
1948,HSBC
1949,HSC
1950,HSDT
1951,HSIC
1952,HST
1953,HSY
1954,HT
1955,HTA
1956,HTCR
1957,HTGC
1958,HTGM
1959,HTH
1960,HTHT
1961,HTLD
1962,HTZ
1963,HUBB
1964,HUBG
1965,HUBS
1966,HUIZ
1967,HUM
1968,HUMA
1969,HUN
1970,HUSA
1971,HUT
1972,HUYA
1973,HVT
1974,HWC
1975,HWM
1976,HXL
1977,HYD
1978,HYEM
1979,HYFM
1980,HYG
1981,HYLB
1982,HYLN
1983,HYLS
1984,HYMB
1985,HYMC
1986,HYRE
1987,HYS
1988,HYT
1989,HYZN
1990,HZNP
1991,HZO
1992,IAA
1993,IAC
1994,IAG
1995,IAGG
1996,IART
1997,IAS
1998,IAT
1999,IAU
2000,IAUM
2001,IBB
2002,IBDN
2003,IBDO
2004,IBDP
2005,IBDQ
2006,IBDR
2007,IBDS
2008,IBDT
2009,IBIO
2010,IBKR
2011,IBM
2012,IBN
2013,IBOC
2014,IBP
2015,IBRX
2016,IBTX
2017,ICE
2018,ICF
2019,ICHR
2020,ICL
2021,ICLK
2022,ICLN
2023,ICLR
2024,ICPT
2025,ICSH
2026,ICUI
2027,ICVT
2028,ICVX
2029,IDA
2030,IDAI
2031,IDCC
2032,IDEV
2033,IDEX
2034,IDLV
2035,IDRA
2036,IDV
2037,IDXX
2038,IDYA
2039,IEA
2040,IEF
2041,IEFA
2042,IEI
2043,IEMG
2044,IEO
2045,IEP
2046,IEUR
2047,IEV
2048,IEX
2049,IEZ
2050,IFF
2051,IFRA
2052,IGBH
2053,IGC
2054,IGD
2055,IGE
2056,IGF
2057,IGIB
2058,IGLB
2059,IGMS
2060,IGR
2061,IGSB
2062,IGT
2063,IGV
2064,IHI
2065,IHRT
2066,III
2067,IIPR
2068,IIVI
2069,IJH
2070,IJJ
2071,IJK
2072,IJR
2073,IJS
2074,ILF
2075,ILMN
2076,ILPT
2077,IMAB
2078,IMAC
2079,IMAX
2080,IMCC
2081,IMGN
2082,IMMR
2083,IMMX
2084,IMO
2085,IMPP
2086,IMPX
2087,IMRA
2088,IMTE
2089,IMUX
2090,IMVT
2091,IMXI
2092,INBX
2093,INCY
2094,INDA
2095,INDB
2096,INDI
2097,INDO
2098,INDP
2099,INFA
2100,INFI
2101,INFL
2102,INFN
2103,INFY
2104,ING
2105,INGR
2106,INM
2107,INMD
2108,INN
2109,INO
2110,INPX
2111,INSE
2112,INSG
2113,INSM
2114,INSP
2115,INSW
2116,INT
2117,INTC
2118,INTF
2119,INTU
2120,INUV
2121,INVA
2122,INVH
2123,INVZ
2124,INZY
2125,IONQ
2126,IONS
2127,IOT
2128,IOVA
2129,IP
2130,IPAC
2131,IPG
2132,IPGP
2133,IPI
2134,IPOD
2135,IPOF
2136,IQ
2137,IQLT
2138,IQV
2139,IR
2140,IRBT
2141,IRDM
2142,IREN
2143,IRM
2144,IRNT
2145,IRT
2146,IRTC
2147,IRWD
2148,IS
2149,ISEE
2150,ISIG
2151,ISPC
2152,ISPO
2153,ISR
2154,ISRG
2155,ISTB
2156,IT
2157,ITA
2158,ITB
2159,ITCI
2160,ITI
2161,ITM
2162,ITOS
2163,ITOT
2164,ITP
2165,ITRI
2166,ITRM
2167,ITT
2168,ITUB
2169,ITW
2170,IUSB
2171,IUSG
2172,IUSV
2173,IVC
2174,IVDA
2175,IVE
2176,IVLU
2177,IVOL
2178,IVR
2179,IVT
2180,IVV
2181,IVW
2182,IVZ
2183,IWB
2184,IWD
2185,IWF
2186,IWM
2187,IWN
2188,IWO
2189,IWP
2190,IWR
2191,IWS
2192,IWV
2193,IWX
2194,IWY
2195,IXC
2196,IXN
2197,IXUS
2198,IYC
2199,IYE
2200,IYF
2201,IYM
2202,IYR
2203,IYT
2204,IYW
2205,IYZ
2206,IZEA
2207,J
2208,JACK
2209,JAGX
2210,JAMF
2211,JAN
2212,JAZZ
2213,JBGS
2214,JBHT
2215,JBI
2216,JBL
2217,JBLU
2218,JBT
2219,JCI
2220,JCSE
2221,JD
2222,JDST
2223,JEF
2224,JELD
2225,JEPI
2226,JETS
2227,JFR
2228,JG
2229,JHG
2230,JHMM
2231,JKHY
2232,JKS
2233,JLL
2234,JMBS
2235,JMIA
2236,JMST
2237,JNCE
2238,JNJ
2239,JNK
2240,JNPR
2241,JNUG
2242,JOAN
2243,JOB
2244,JOBY
2245,JOE
2246,JPC
2247,JPM
2248,JPS
2249,JPST
2250,JQC
2251,JRVR
2252,JUPW
2253,JWN
2254,JWSM
2255,JXN
2256,JYNT
2257,JZXN
2258,K
2259,KAHC
2260,KALA
2261,KALV
2262,KAR
2263,KAVL
2264,KB
2265,KBAL
2266,KBE
2267,KBH
2268,KBR
2269,KBWB
2270,KC
2271,KD
2272,KDNY
2273,KDP
2274,KELYA
2275,KERN
2276,KEX
2277,KEY
2278,KEYS
2279,KFY
2280,KGC
2281,KHC
2282,KIE
2283,KIM
2284,KIND
2285,KIRK
2286,KKR
2287,KLAC
2288,KLIC
2289,KLR
2290,KLTR
2291,KLXE
2292,KMB
2293,KMI
2294,KMPH
2295,KMPR
2296,KMT
2297,KMX
2298,KN
2299,KNBE
2300,KNDI
2301,KNSA
2302,KNTK
2303,KNX
2304,KO
2305,KOD
2306,KODK
2307,KOLD
2308,KOPN
2309,KOS
2310,KOSS
2311,KPLT
2312,KPRX
2313,KPTI
2314,KR
2315,KRBN
2316,KRBP
2317,KRC
2318,KRE
2319,KREF
2320,KRG
2321,KRNT
2322,KRNY
2323,KRON
2324,KRP
2325,KRTX
2326,KSA
2327,KSCP
2328,KSS
2329,KT
2330,KTB
2331,KTOS
2332,KTRA
2333,KULR
2334,KURA
2335,KVSC
2336,KW
2337,KWEB
2338,KXIN
2339,KYMR
2340,KYN
2341,KZIA
2342,KZR
2343,L
2344,LAB
2345,LABD
2346,LABU
2347,LAC
2348,LAD
2349,LADR
2350,LAMR
2351,LAND
2352,LASR
2353,LAUR
2354,LAW
2355,LAZ
2356,LAZR
2357,LBPS
2358,LBRDA
2359,LBRDK
2360,LBRT
2361,LBTYA
2362,LBTYK
2363,LC
2364,LCFY
2365,LCI
2366,LCID
2367,LCII
2368,LCTX
2369,LDI
2370,LDOS
2371,LE
2372,LEA
2373,LECO
2374,LEG
2375,LEGN
2376,LEN
2377,LESL
2378,LEU
2379,LEV
2380,LEVI
2381,LEXX
2382,LFC
2383,LFG
2384,LFST
2385,LGF-A
2386,LGF-B
2387,LGHL
2388,LGIH
2389,LGMK
2390,LGVN
2391,LH
2392,LHCG
2393,LHX
2394,LI
2395,LIAN
2396,LICY
2397,LIDR
2398,LII
2399,LILA
2400,LILAK
2401,LILM
2402,LIN
2403,LIND
2404,LIQT
2405,LIT
2406,LITE
2407,LITM
2408,LIVN
2409,LIXT
2410,LIZI
2411,LKCO
2412,LKQ
2413,LL
2414,LLAP
2415,LLL
2416,LLNW
2417,LLY
2418,LMBS
2419,LMND
2420,LMT
2421,LNC
2422,LNG
2423,LNT
2424,LNTH
2425,LNW
2426,LOB
2427,LOCL
2428,LODE
2429,LOGC
2430,LOGI
2431,LOPE
2432,LOTZ
2433,LOVE
2434,LOW
2435,LPCN
2436,LPG
2437,LPI
2438,LPL
2439,LPLA
2440,LPRO
2441,LPSN
2442,LPTX
2443,LPX
2444,LQD
2445,LQDA
2446,LRCX
2447,LRN
2448,LSCC
2449,LSI
2450,LSPD
2451,LSTR
2452,LSXMA
2453,LSXMK
2454,LTC
2455,LTCH
2456,LTH
2457,LTHM
2458,LTRPA
2459,LTRY
2460,LU
2461,LULU
2462,LUMN
2463,LUNG
2464,LUV
2465,LVLU
2466,LVO
2467,LVS
2468,LW
2469,LWLG
2470,LX
2471,LXP
2472,LXRX
2473,LXU
2474,LYB
2475,LYEL
2476,LYFT
2477,LYG
2478,LYLT
2479,LYRA
2480,LYV
2481,LZ
2482,LZB
2483,M
2484,MA
2485,MAA
2486,MAC
2487,MAG
2488,MAIN
2489,MAN
2490,MANH
2491,MANT
2492,MANU
2493,MAPS
2494,MAR
2495,MARA
2496,MARK
2497,MARPS
2498,MAS
2499,MASI
2500,MASS
2501,MAT
2502,MATX
2503,MAX
2504,MAXN
2505,MAXR
2506,MBB
2507,MBI
2508,MBII
2509,MBIO
2510,MC
2511,MCD
2512,MCG
2513,MCHI
2514,MCHP
2515,MCK
2516,MCO
2517,MCRB
2518,MCW
2519,MCY
2520,MD
2521,MDB
2522,MDC
2523,MDLZ
2524,MDRX
2525,MDT
2526,MDU
2527,MDVL
2528,MDXG
2529,MDY
2530,MDYV
2531,ME
2532,MEDP
2533,MEDS
2534,MEI
2535,MEIP
2536,MELI
2537,MEOH
2538,MERC
2539,MESA
2540,MET
2541,META
2542,METC
2543,METV
2544,METX
2545,MF
2546,MFA
2547,MFC
2548,MFG
2549,MFGP
2550,MFH
2551,MGA
2552,MGI
2553,MGK
2554,MGLD
2555,MGM
2556,MGNI
2557,MGNX
2558,MGTA
2559,MGV
2560,MGY
2561,MHK
2562,MHO
2563,MIC
2564,MICS
2565,MICT
2566,MIDD
2567,MILE
2568,MIN
2569,MINT
2570,MIR
2571,MITK
2572,MITO
2573,MITQ
2574,MITT
2575,MJ
2576,MKC
2577,MKD
2578,MKFG
2579,MKSI
2580,MKTW
2581,MKTX
2582,ML
2583,MLCO
2584,MLI
2585,MLKN
2586,MLM
2587,MLPA
2588,MLPX
2589,MMAT
2590,MMC
2591,MMI
2592,MMIN
2593,MMIT
2594,MMM
2595,MMP
2596,MMS
2597,MMSI
2598,MMX
2599,MMYT
2600,MN
2601,MNDT
2602,MNDY
2603,MNKD
2604,MNMD
2605,MNRL
2606,MNRO
2607,MNSO
2608,MNST
2609,MNTK
2610,MNTS
2611,MNTV
2612,MO
2613,MOAT
2614,MOBQ
2615,MOD
2616,MOGO
2617,MOH
2618,MOHO
2619,MOMO
2620,MOO
2621,MORF
2622,MOS
2623,MOTS
2624,MOV
2625,MOXC
2626,MP
2627,MPC
2628,MPLN
2629,MPLX
2630,MPW
2631,MPWR
2632,MQ
2633,MQY
2634,MRC
2635,MRCY
2636,MREO
2637,MRIN
2638,MRK
2639,MRKR
2640,MRNA
2641,MRNS
2642,MRO
2643,MRSN
2644,MRTN
2645,MRTX
2646,MRUS
2647,MRVI
2648,MRVL
2649,MS
2650,MSCI
2651,MSFT
2652,MSGE
2653,MSI
2654,MSM
2655,MSOS
2656,MSP
2657,MSPR
2658,MSTR
2659,MT
2660,MTA
2661,MTB
2662,MTC
2663,MTCH
2664,MTCR
2665,MTDR
2666,MTEK
2667,MTEM
2668,MTG
2669,MTH
2670,MTLS
2671,MTN
2672,MTNB
2673,MTOR
2674,MTP
2675,MTRX
2676,MTSI
2677,MTTR
2678,MTUM
2679,MTW
2680,MTZ
2681,MU
2682,MUB
2683,MUC
2684,MUFG
2685,MUI
2686,MULN
2687,MUNI
2688,MUR
2689,MUSA
2690,MUX
2691,MVIS
2692,MVST
2693,MWA
2694,MX
2695,MXCT
2696,MXL
2697,MYGN
2698,MYI
2699,MYOV
2700,MYPS
2701,MYSZ
2702,NABL
2703,NAC
2704,NAD
2705,NAIL
2706,NAK
2707,NAOV
2708,NAPA
2709,NARI
2710,NAT
2711,NATI
2712,NAUT
2713,NAVB
2714,NAVI
2715,NBEV
2716,NBIX
2717,NBRV
2718,NBXG
2719,NBY
2720,NCLH
2721,NCMI
2722,NCNO
2723,NCR
2724,NCTY
2725,NCV
2726,NCZ
2727,NDAQ
2728,NDLS
2729,NDRA
2730,NDSN
2731,NE
2732,NEA
2733,NEAR
2734,NEE
2735,NEGG
2736,NEM
2737,NEO
2738,NEOG
2739,NEP
2740,NESR
2741,NET
2742,NETI
2743,NEWR
2744,NEX
2745,NEXI
2746,NEXT
2747,NFE
2748,NFG
2749,NFJ
2750,NFLX
2751,NG
2752,NGD
2753,NGG
2754,NGL
2755,NGM
2756,NGMS
2757,NHI
2758,NI
2759,NICE
2760,NILE
2761,NINE
2762,NIO
2763,NISN
2764,NIU
2765,NJR
2766,NKE
2767,NKLA
2768,NKTR
2769,NKTX
2770,NLOK
2771,NLS
2772,NLSN
2773,NLTX
2774,NLY
2775,NM
2776,NMFC
2777,NMIH
2778,NMM
2779,NMR
2780,NMRK
2781,NMTR
2782,NMZ
2783,NN
2784,NNBR
2785,NNDM
2786,NNN
2787,NNOX
2788,NOAH
2789,NOBL
2790,NOC
2791,NOG
2792,NOK
2793,NOMD
2794,NOTV
2795,NOV
2796,NOVA
2797,NOW
2798,NPTN
2799,NR
2800,NRDS
2801,NRDY
2802,NRG
2803,NRGV
2804,NRIX
2805,NRK
2806,NRSN
2807,NRXP
2808,NRZ
2809,NS
2810,NSA
2811,NSC
2812,NSIT
2813,NSP
2814,NSTG
2815,NTAP
2816,NTCO
2817,NTCT
2818,NTES
2819,NTGR
2820,NTLA
2821,NTNX
2822,NTR
2823,NTRA
2824,NTRS
2825,NTST
2826,NTUS
2827,NU
2828,NUE
2829,NUGO
2830,NUGT
2831,NULV
2832,NURO
2833,NUS
2834,NUSI
2835,NUTX
2836,NUV
2837,NUVA
2838,NUVB
2839,NVAX
2840,NVCR
2841,NVDA
2842,NVEI
2843,NVG
2844,NVO
2845,NVRO
2846,NVS
2847,NVST
2848,NVT
2849,NVTA
2850,NVTS
2851,NVVE
2852,NWBI
2853,NWE
2854,NWG
2855,NWL
2856,NWN
2857,NWS
2858,NWSA
2859,NXE
2860,NXGN
2861,NXPI
2862,NXST
2863,NXTP
2864,NYCB
2865,NYMT
2866,NYMX
2867,NYT
2868,NZF
2869,O
2870,OAS
2871,OB
2872,OBE
2873,OBLG
2874,OBSV
2875,OC
2876,OCFC
2877,OCFT
2878,OCGN
2879,OCSL
2880,OCUL
2881,OCUP
2882,OCX
2883,ODFL
2884,ODP
2885,OEC
2886,OEF
2887,OEG
2888,OFC
2889,OFG
2890,OGE
2891,OGEN
2892,OGI
2893,OGN
2894,OGS
2895,OHI
2896,OI
2897,OIH
2898,OII
2899,OIS
2900,OKE
2901,OKTA
2902,OLB
2903,OLED
2904,OLLI
2905,OLMA
2906,OLN
2907,OLO
2908,OLPX
2909,OM
2910,OMC
2911,OMCL
2912,OMER
2913,OMF
2914,OMFL
2915,OMI
2916,OMIC
2917,ON
2918,ONB
2919,ONCT
2920,ONDS
2921,ONEM
2922,ONEQ
2923,ONL
2924,ONON
2925,ONTF
2926,ONTO
2927,OP
2928,OPA
2929,OPAD
2930,OPCH
2931,OPEN
2932,OPGN
2933,OPI
2934,OPK
2935,OPTN
2936,OPTT
2937,OR
2938,ORA
2939,ORAN
2940,ORC
2941,ORCC
2942,ORCL
2943,ORGN
2944,ORGO
2945,ORI
2946,ORIC
2947,ORLY
2948,ORMP
2949,ORTX
2950,OSBC
2951,OSCR
2952,OSG
2953,OSH
2954,OSK
2955,OSPN
2956,OST
2957,OSTK
2958,OSUR
2959,OSW
2960,OTEX
2961,OTIS
2962,OTLK
2963,OTLY
2964,OTMO
2965,OTRK
2966,OUNZ
2967,OUST
2968,OUT
2969,OVV
2970,OWL
2971,OWLT
2972,OXLC
2973,OXM
2974,OXY
2975,OZK
2976,PAA
2977,PAAS
2978,PACB
2979,PACK
2980,PACW
2981,PAG
2982,PAGP
2983,PAGS
2984,PALI
2985,PALT
2986,PANL
2987,PANW
2988,PAR
2989,PARA
2990,PARR
2991,PASG
2992,PATH
2993,PATK
2994,PAVE
2995,PAVM
2996,PAX
2997,PAY
2998,PAYA
2999,PAYC
3000,PAYO
3001,PAYX
3002,PB
3003,PBA
3004,PBF
3005,PBFX
3006,PBH
3007,PBI
3008,PBR
3009,PBR-A
3010,PBT
3011,PBTS
3012,PBW
3013,PBYI
3014,PCAR
3015,PCG
3016,PCH
3017,PCOR
3018,PCRX
3019,PCT
3020,PCTY
3021,PCVX
3022,PCY
3023,PD
3024,PDBC
3025,PDCE
3026,PDCO
3027,PDD
3028,PDI
3029,PDM
3030,PDO
3031,PDSB
3032,PEAK
3033,PEAR
3034,PEB
3035,PECO
3036,PED
3037,PEG
3038,PEGA
3039,PEJ
3040,PEN
3041,PENN
3042,PEP
3043,PERI
3044,PETQ
3045,PETS
3046,PETZ
3047,PEY
3048,PFE
3049,PFF
3050,PFFD
3051,PFG
3052,PFGC
3053,PFHC
3054,PFIX
3055,PFLT
3056,PFMT
3057,PFN
3058,PFS
3059,PFSI
3060,PFXF
3061,PG
3062,PGEN
3063,PGF
3064,PGNY
3065,PGR
3066,PGRE
3067,PGTI
3068,PGX
3069,PH
3070,PHAS
3071,PHAT
3072,PHB
3073,PHG
3074,PHIO
3075,PHK
3076,PHM
3077,PHR
3078,PHUN
3079,PHX
3080,PHYS
3081,PI
3082,PICK
3083,PID
3084,PII
3085,PIK
3086,PINC
3087,PING
3088,PINS
3089,PIRS
3090,PIXY
3091,PK
3092,PKG
3093,PKI
3094,PL
3095,PLAB
3096,PLAN
3097,PLAY
3098,PLBY
3099,PLCE
3100,PLD
3101,PLG
3102,PLL
3103,PLM
3104,PLNT
3105,PLRX
3106,PLSE
3107,PLTK
3108,PLTR
3109,PLUG
3110,PLX
3111,PLXP
3112,PLYA
3113,PLYM
3114,PM
3115,PMAY
3116,PMCB
3117,PME
3118,PML
3119,PMT
3120,PMVP
3121,PNC
3122,PNFP
3123,PNM
3124,PNNT
3125,PNR
3126,PNT
3127,PNW
3128,POAI
3129,PODD
3130,POLY
3131,POOL
3132,POR
3133,POSH
3134,POST
3135,POWI
3136,POWW
3137,PPA
3138,PPBI
3139,PPC
3140,PPG
3141,PPL
3142,PPSI
3143,PPT
3144,PPTA
3145,PRA
3146,PRAA
3147,PRAX
3148,PRCH
3149,PRCT
3150,PRDO
3151,PRDS
3152,PRFT
3153,PRG
3154,PRGO
3155,PRGS
3156,PRIM
3157,PRLB
3158,PRLD
3159,PRM
3160,PRMW
3161,PRO
3162,PRPB
3163,PRPL
3164,PRPO
3165,PRQR
3166,PRTA
3167,PRTK
3168,PRTS
3169,PRTY
3170,PRU
3171,PRVA
3172,PRVB
3173,PSA
3174,PSB
3175,PSCE
3176,PSEC
3177,PSFE
3178,PSHG
3179,PSK
3180,PSLV
3181,PSN
3182,PSNL
3183,PSO
3184,PSQ
3185,PST
3186,PSTG
3187,PSTH
3188,PSX
3189,PTBD
3190,PTC
3191,PTCT
3192,PTE
3193,PTEN
3194,PTGX
3195,PTLC
3196,PTLO
3197,PTN
3198,PTON
3199,PTPI
3200,PTRA
3201,PTVE
3202,PTY
3203,PUBM
3204,PUK
3205,PULS
3206,PUMP
3207,PVH
3208,PVL
3209,PWP
3210,PWR
3211,PWSC
3212,PWZ
3213,PXD
3214,PXE
3215,PXF
3216,PXH
3217,PXJ
3218,PXLW
3219,PYCR
3220,PYPL
3221,PYXS
3222,PZA
3223,PZG
3224,PZZA
3225,QAI
3226,QCLN
3227,QCOM
3228,QD
3229,QDEL
3230,QFIN
3231,QGEN
3232,QID
3233,QK
3234,QLD
3235,QLGN
3236,QLTA
3237,QLYS
3238,QMCO
3239,QNGY
3240,QNRX
3241,QNST
3242,QQQ
3243,QQQJ
3244,QQQM
3245,QRTEA
3246,QRVO
3247,QS
3248,QSI
3249,QSR
3250,QTNT
3251,QTRX
3252,QTT
3253,QTWO
3254,QUAD
3255,QUAL
3256,QUBT
3257,QUOT
3258,QURE
3259,QYLD
3260,R
3261,RA
3262,RAAS
3263,RACE
3264,RAD
3265,RADA
3266,RADI
3267,RAIL
3268,RAMP
3269,RAPT
3270,RARE
3271,RBA
3272,RBAC
3273,RBBN
3274,RBLX
3275,RBOT
3276,RC
3277,RCAT
3278,RCI
3279,RCII
3280,RCKT
3281,RCL
3282,RCM
3283,RCMT
3284,RCON
3285,RCUS
3286,RDBX
3287,RDBXW
3288,RDFN
3289,RDHL
3290,RDN
3291,RDNT
3292,RDUS
3293,RDVY
3294,RDW
3295,RDWR
3296,RDY
3297,RE
3298,REAL
3299,REE
3300,REED
3301,REET
3302,REG
3303,REGN
3304,REI
3305,REKR
3306,RELI
3307,RELX
3308,RELY
3309,REM
3310,RENT
3311,REPL
3312,RERE
3313,RES
3314,RETA
3315,RETL
3316,REV
3317,REVB
3318,REVG
3319,REXR
3320,REYN
3321,REZ
3322,REZI
3323,RF
3324,RFP
3325,RGA
3326,RGEN
3327,RGLD
3328,RGLS
3329,RGNX
3330,RGS
3331,RGTI
3332,RH
3333,RHI
3334,RHP
3335,RIBT
3336,RIDE
3337,RIG
3338,RIGL
3339,RILY
3340,RIO
3341,RIOT
3342,RIVN
3343,RJA
3344,RJF
3345,RKDA
3346,RKLB
3347,RKLY
3348,RKT
3349,RL
3350,RLAY
3351,RLJ
3352,RLMD
3353,RLX
3354,RMBL
3355,RMBS
3356,RMD
3357,RMED
3358,RMNI
3359,RMO
3360,RNA
3361,RNG
3362,RNR
3363,RNST
3364,RNW
3365,RNWK
3366,ROAD
3367,ROCC
3368,ROCK
3369,RODM
3370,ROIC
3371,ROIV
3372,ROK
3373,ROKU
3374,ROL
3375,ROOT
3376,ROP
3377,ROST
3378,ROVR
3379,RPAR
3380,RPAY
3381,RPD
3382,RPHS
3383,RPM
3384,RPRX
3385,RPT
3386,RPTX
3387,RPV
3388,RQI
3389,RRC
3390,RRGB
3391,RRR
3392,RRX
3393,RS
3394,RSG
3395,RSI
3396,RSKD
3397,RSLS
3398,RSP
3399,RTL
3400,RTLR
3401,RTX
3402,RUBY
3403,RUN
3404,RUSHA
3405,RUTH
3406,RVLV
3407,RVMD
3408,RVNC
3409,RVSN
3410,RVT
3411,RWLK
3412,RWM
3413,RWR
3414,RWT
3415,RWX
3416,RXDX
3417,RXRX
3418,RXT
3419,RY
3420,RYAAY
3421,RYAM
3422,RYAN
3423,RYE
3424,RYI
3425,RYLD
3426,RYN
3427,RYTM
3428,RZLT
3429,S
3430,SA
3431,SABR
3432,SABS
3433,SACH
3434,SAFE
3435,SAFM
3436,SAGE
3437,SAH
3438,SAIA
3439,SAIC
3440,SAIL
3441,SAN
3442,SANA
3443,SAND
3444,SANM
3445,SANW
3446,SAP
3447,SARK
3448,SATL
3449,SATS
3450,SAVA
3451,SAVE
3452,SB
3453,SBAC
3454,SBCF
3455,SBFM
3456,SBGI
3457,SBH
3458,SBLK
3459,SBNY
3460,SBOW
3461,SBRA
3462,SBS
3463,SBSW
3464,SBTX
3465,SBUX
3466,SCCO
3467,SCHA
3468,SCHB
3469,SCHC
3470,SCHD
3471,SCHE
3472,SCHF
3473,SCHG
3474,SCHH
3475,SCHK
3476,SCHM
3477,SCHN
3478,SCHO
3479,SCHP
3480,SCHR
3481,SCHV
3482,SCHW
3483,SCHX
3484,SCHY
3485,SCHZ
3486,SCI
3487,SCO
3488,SCOR
3489,SCPL
3490,SCPS
3491,SCS
3492,SCU
3493,SCVL
3494,SCYX
3495,SCZ
3496,SD
3497,SDC
3498,SDGR
3499,SDIG
3500,SDIV
3501,SDOW
3502,SDPI
3503,SDS
3504,SDVY
3505,SDY
3506,SE
3507,SEAC
3508,SEAS
3509,SEAT
3510,SECO
3511,SEDG
3512,SEE
3513,SEED
3514,SEEL
3515,SEER
3516,SEIC
3517,SELB
3518,SEM
3519,SEMR
3520,SENS
3521,SES
3522,SESN
3523,SEV
3524,SF
3525,SFBS
3526,SFET
3527,SFIX
3528,SFL
3529,SFM
3530,SFNC
3531,SFT
3532,SG
3533,SGBX
3534,SGEN
3535,SGFY
3536,SGH
3537,SGHC
3538,SGHT
3539,SGLY
3540,SGML
3541,SGMO
3542,SGOL
3543,SGOV
3544,SGRY
3545,SH
3546,SHAK
3547,SHC
3548,SHCR
3549,SHEL
3550,SHEN
3551,SHIP
3552,SHLS
3553,SHLX
3554,SHM
3555,SHO
3556,SHOO
3557,SHOP
3558,SHV
3559,SHW
3560,SHY
3561,SHYD
3562,SHYF
3563,SHYG
3564,SI
3565,SIBN
3566,SID
3567,SIDU
3568,SIEN
3569,SIG
3570,SIGA
3571,SIGI
3572,SIL
3573,SILJ
3574,SILK
3575,SILV
3576,SIMO
3577,SIOX
3578,SIRI
3579,SITC
3580,SITE
3581,SITM
3582,SIVB
3583,SIVR
3584,SIX
3585,SJ
3586,SJB
3587,SJI
3588,SJM
3589,SJNK
3590,SJR
3591,SJT
3592,SKIL
3593,SKIN
3594,SKLZ
3595,SKM
3596,SKT
3597,SKX
3598,SKY
3599,SKYH
3600,SKYT
3601,SKYW
3602,SKYY
3603,SLAB
3604,SLB
3605,SLCA
3606,SLDB
3607,SLDP
3608,SLF
3609,SLG
3610,SLGC
3611,SLGN
3612,SLI
3613,SLM
3614,SLNO
3615,SLQD
3616,SLQT
3617,SLRC
3618,SLRX
3619,SLS
3620,SLV
3621,SLVM
3622,SLVO
3623,SLYV
3624,SM
3625,SMAR
3626,SMCI
3627,SMFG
3628,SMFL
3629,SMFR
3630,SMG
3631,SMH
3632,SMPL
3633,SMR
3634,SMRT
3635,SMSI
3636,SMTC
3637,SMTS
3638,SNA
3639,SNAP
3640,SNAX
3641,SNBR
3642,SNCE
3643,SNCR
3644,SNCY
3645,SND
3646,SNDL
3647,SNDR
3648,SNDX
3649,SNMP
3650,SNN
3651,SNOA
3652,SNOW
3653,SNPE
3654,SNPS
3655,SNV
3656,SNX
3657,SNY
3658,SO
3659,SOFI
3660,SOHU
3661,SOI
3662,SOL
3663,SOLO
3664,SON
3665,SOND
3666,SONM
3667,SONN
3668,SONO
3669,SONY
3670,SOPA
3671,SOS
3672,SOUN
3673,SOVO
3674,SOXL
3675,SOXS
3676,SOXX
3677,SPAB
3678,SPB
3679,SPCB
3680,SPCE
3681,SPD
3682,SPDN
3683,SPDW
3684,SPEM
3685,SPG
3686,SPGI
3687,SPH
3688,SPHB
3689,SPHD
3690,SPHQ
3691,SPHY
3692,SPI
3693,SPIB
3694,SPIP
3695,SPIR
3696,SPLB
3697,SPLG
3698,SPLK
3699,SPLV
3700,SPMB
3701,SPMD
3702,SPNT
3703,SPOT
3704,SPPI
3705,SPR
3706,SPRC
3707,SPRO
3708,SPSB
3709,SPSM
3710,SPT
3711,SPTI
3712,SPTL
3713,SPTM
3714,SPTN
3715,SPTS
3716,SPWH
3717,SPWR
3718,SPXC
3719,SPXL
3720,SPXS
3721,SPXU
3722,SPY
3723,SPYD
3724,SPYG
3725,SPYV
3726,SQ
3727,SQM
3728,SQQQ
3729,SQSP
3730,SQZ
3731,SR
3732,SRAD
3733,SRC
3734,SRCL
3735,SRE
3736,SREV
3737,SRG
3738,SRLN
3739,SRNE
3740,SRPT
3741,SRRA
3742,SRRK
3743,SRTS
3744,SRTY
3745,SSB
3746,SSL
3747,SSNC
3748,SSO
3749,SSP
3750,SSRM
3751,SSSS
3752,SST
3753,SSTK
3754,SSYS
3755,ST
3756,STAA
3757,STAB
3758,STAG
3759,STAR
3760,STE
3761,STEM
3762,STEP
3763,STER
3764,STGW
3765,STIM
3766,STIP
3767,STKL
3768,STLA
3769,STLD
3770,STM
3771,STNE
3772,STNG
3773,STOK
3774,STON
3775,STOR
3776,STPZ
3777,STRC
3778,STRN
3779,STRO
3780,STRR
3781,STRY
3782,STSS
3783,STT
3784,STVN
3785,STWD
3786,STX
3787,STXS
3788,STZ
3789,SU
3790,SUB
3791,SUI
3792,SUM
3793,SUMO
3794,SUN
3795,SUNL
3796,SUNW
3797,SUPN
3798,SUPV
3799,SURF
3800,SUSA
3801,SUSB
3802,SUSC
3803,SUZ
3804,SVC
3805,SVFA
3806,SVIX
3807,SVM
3808,SVXY
3809,SWAV
3810,SWBI
3811,SWCH
3812,SWI
3813,SWIM
3814,SWIR
3815,SWK
3816,SWKS
3817,SWM
3818,SWN
3819,SWTX
3820,SWVL
3821,SWX
3822,SXC
3823,SXT
3824,SXTC
3825,SY
3826,SYF
3827,SYK
3828,SYM
3829,SYN
3830,SYNA
3831,SYNH
3832,SYRS
3833,SYTA
3834,SYY
3835,T
3836,TAC
3837,TAIL
3838,TAK
3839,TAL
3840,TALK
3841,TALO
3842,TAN
3843,TANH
3844,TAP
3845,TARK
3846,TASK
3847,TAST
3848,TBBK
3849,TBF
3850,TBI
3851,TBK
3852,TBLA
3853,TBLT
3854,TBPH
3855,TBT
3856,TBX
3857,TCBI
3858,TCBP
3859,TCDA
3860,TCMD
3861,TCN
3862,TCOM
3863,TCPC
3864,TCRR
3865,TCRT
3866,TCS
3867,TD
3868,TDC
3869,TDCX
3870,TDG
3871,TDOC
3872,TDS
3873,TDSC
3874,TDTT
3875,TDUP
3876,TDW
3877,TDY
3878,TEAM
3879,TECH
3880,TECK
3881,TECL
3882,TECS
3883,TEF
3884,TEL
3885,TELL
3886,TEN
3887,TENB
3888,TER
3889,TEVA
3890,TEX
3891,TFC
3892,TFI
3893,TFII
3894,TFLO
3895,TFSL
3896,TFX
3897,TGA
3898,TGB
3899,TGH
3900,TGI
3901,TGLS
3902,TGNA
3903,TGT
3904,TGTX
3905,TH
3906,THC
3907,THCA
3908,THMO
3909,THO
3910,THRY
3911,THS
3912,TIGR
3913,TIL
3914,TILE
3915,TIMB
3916,TIP
3917,TIPX
3918,TISI
3919,TJX
3920,TK
3921,TKAT
3922,TKC
3923,TKLF
3924,TKR
3925,TLH
3926,TLK
3927,TLRY
3928,TLS
3929,TLT
3930,TLYS
3931,TM
3932,TMBR
3933,TMC
3934,TMCI
3935,TMDI
3936,TMDX
3937,TME
3938,TMF
3939,TMHC
3940,TMO
3941,TMST
3942,TMUS
3943,TMV
3944,TMX
3945,TNA
3946,TNDM
3947,TNET
3948,TNGX
3949,TNK
3950,TNL
3951,TNON
3952,TNP
3953,TNXP
3954,TOL
3955,TOMZ
3956,TOP
3957,TOPS
3958,TOST
3959,TOTL
3960,TOWN
3961,TPB
3962,TPC
3963,TPG
3964,TPH
3965,TPIC
3966,TPR
3967,TPST
3968,TPTX
3969,TPX
3970,TQQQ
3971,TREC
3972,TREE
3973,TREX
3974,TRGP
3975,TRHC
3976,TRI
3977,TRIB
3978,TRIP
3979,TRKA
3980,TRMB
3981,TRMD
3982,TRMK
3983,TRMR
3984,TRN
3985,TRNO
3986,TROW
3987,TROX
3988,TRP
3989,TRQ
3990,TRTN
3991,TRTX
3992,TRU
3993,TRUE
3994,TRUP
3995,TRV
3996,TRVG
3997,TRVI
3998,TRVN
3999,TRX
4000,TS
4001,TSCO
4002,TSE
4003,TSEM
4004,TSHA
4005,TSLA
4006,TSLX
4007,TSM
4008,TSN
4009,TSP
4010,TSVT
4011,TT
4012,TTC
4013,TTCF
4014,TTD
4015,TTE
4016,TTEK
4017,TTI
4018,TTM
4019,TTMI
4020,TTNP
4021,TTOO
4022,TTSH
4023,TTT
4024,TTWO
4025,TU
4026,TUEM
4027,TUFN
4028,TUP
4029,TUR
4030,TUSK
4031,TUYA
4032,TV
4033,TVTX
4034,TVTY
4035,TW
4036,TWI
4037,TWKS
4038,TWLO
4039,TWM
4040,TWNK
4041,TWO
4042,TWOU
4043,TWST
4044,TWTR
4045,TX
4046,TXG
4047,TXMD
4048,TXN
4049,TXRH
4050,TXT
4051,TYL
4052,TYME
4053,TYO
4054,TZA
4055,U
4056,UA
4057,UAA
4058,UAL
4059,UAMY
4060,UAVS
4061,UBER
4062,UBS
4063,UBSI
4064,UBX
4065,UCBI
4066,UCO
4067,UCON
4068,UCTT
4069,UDMY
4070,UDOW
4071,UDR
4072,UE
4073,UEC
4074,UFPI
4075,UGI
4076,UGL
4077,UGP
4078,UHS
4079,UIHC
4080,UIS
4081,UL
4082,ULCC
4083,ULTA
4084,UMBF
4085,UMC
4086,UMH
4087,UMPQ
4088,UNFI
4089,UNG
4090,UNH
4091,UNIT
4092,UNM
4093,UNP
4094,UNVR
4095,UONE
4096,UP
4097,UPH
4098,UPLD
4099,UPRO
4100,UPS
4101,UPST
4102,UPWK
4103,URA
4104,URBN
4105,URG
4106,URI
4107,URNM
4108,UROY
4109,URTH
4110,URTY
4111,USA
4112,USAC
4113,USAS
4114,USB
4115,USD
4116,USDU
4117,USEG
4118,USER
4119,USFD
4120,USFR
4121,USHY
4122,USIG
4123,USMV
4124,USO
4125,USOI
4126,USRT
4127,USWS
4128,USX
4129,UTAA
4130,UTG
4131,UTHR
4132,UTI
4133,UTME
4134,UTZ
4135,UUP
4136,UUUU
4137,UVE
4138,UVIX
4139,UVXY
4140,UWM
4141,UWMC
4142,UXIN
4143,V
4144,VAC
4145,VAL
4146,VALE
4147,VAPO
4148,VATE
4149,VAXX
4150,VB
4151,VBIV
4152,VBK
4153,VBR
4154,VBTX
4155,VC
4156,VCEL
4157,VCIT
4158,VCLT
4159,VCSA
4160,VCSH
4161,VCTR
4162,VCYT
4163,VDC
4164,VDE
4165,VEA
4166,VECO
4167,VEDU
4168,VEEV
4169,VEON
4170,VERB
4171,VERI
4172,VERO
4173,VERU
4174,VERV
4175,VET
4176,VEU
4177,VFC
4178,VFF
4179,VFH
4180,VG
4181,VGFC
4182,VGIT
4183,VGK
4184,VGLT
4185,VGR
4186,VGSH
4187,VGT
4188,VGZ
4189,VHC
4190,VHT
4191,VIAV
4192,VICI
4193,VICR
4194,VIEW
4195,VIG
4196,VIGI
4197,VIPS
4198,VIR
4199,VIRT
4200,VIRX
4201,VISL
4202,VIST
4203,VITL
4204,VIV
4205,VIVK
4206,VIVO
4207,VIXY
4208,VKTX
4209,VLCN
4210,VLD
4211,VLDR
4212,VLO
4213,VLON
4214,VLRS
4215,VLTA
4216,VLUE
4217,VLY
4218,VMBS
4219,VMC
4220,VMEO
4221,VMO
4222,VMW
4223,VNDA
4224,VNET
4225,VNLA
4226,VNM
4227,VNO
4228,VNOM
4229,VNQ
4230,VNQI
4231,VNT
4232,VNTR
4233,VO
4234,VOD
4235,VOE
4236,VONG
4237,VONV
4238,VOO
4239,VOOG
4240,VOOV
4241,VORB
4242,VOT
4243,VOX
4244,VOYA
4245,VPL
4246,VPU
4247,VRA
4248,VRAY
4249,VRCA
4250,VRDN
4251,VRE
4252,VREX
4253,VRIG
4254,VRM
4255,VRNS
4256,VRNT
4257,VRP
4258,VRRM
4259,VRSK
4260,VRSN
4261,VRT
4262,VRTX
4263,VSAT
4264,VSCO
4265,VSGX
4266,VSH
4267,VSS
4268,VST
4269,VSTM
4270,VSTO
4271,VT
4272,VTEB
4273,VTEX
4274,VTGN
4275,VTI
4276,VTIP
4277,VTNR
4278,VTR
4279,VTRS
4280,VTV
4281,VTVT
4282,VTWO
4283,VUG
4284,VUSB
4285,VUZI
4286,VV
4287,VVNT
4288,VVPR
4289,VVR
4290,VVV
4291,VWE
4292,VWO
4293,VWOB
4294,VXF
4295,VXRT
4296,VXUS
4297,VXX
4298,VYGG
4299,VYGR
4300,VYM
4301,VYMI
4302,VYNE
4303,VYNT
4304,VZ
4305,VZIO
4306,W
4307,WAB
4308,WAFD
4309,WAL
4310,WAT
4311,WATT
4312,WB
4313,WBA
4314,WBD
4315,WBS
4316,WBT
4317,WBX
4318,WCC
4319,WCLD
4320,WCN
4321,WDAY
4322,WDC
4323,WDH
4324,WE
4325,WEAT
4326,WEAV
4327,WEBL
4328,WEBR
4329,WEBS
4330,WEC
4331,WEJO
4332,WELL
4333,WEN
4334,WERN
4335,WES
4336,WETF
4337,WEX
4338,WFC
4339,WFG
4340,WFRD
4341,WGO
4342,WH
4343,WHD
4344,WHR
4345,WIMI
4346,WING
4347,WINT
4348,WIRE
4349,WISH
4350,WIT
4351,WIX
4352,WK
4353,WKEY
4354,WKHS
4355,WLK
4356,WLL
4357,WLY
4358,WM
4359,WMB
4360,WMC
4361,WMG
4362,WMS
4363,WMT
4364,WNC
4365,WNS
4366,WNW
4367,WOLF
4368,WOOF
4369,WOR
4370,WORX
4371,WOW
4372,WPC
4373,WPM
4374,WPRT
4375,WRAP
4376,WRB
4377,WRBY
4378,WRE
4379,WRK
4380,WRN
4381,WSBC
4382,WSC
4383,WSFS
4384,WSM
4385,WSO
4386,WSR
4387,WST
4388,WTER
4389,WTFC
4390,WTI
4391,WTRG
4392,WTRH
4393,WTTR
4394,WTW
4395,WU
4396,WULF
4397,WVE
4398,WW
4399,WWD
4400,WWE
4401,WWR
4402,WWW
4403,WY
4404,WYNN
4405,X
4406,XAIR
4407,XBI
4408,XCUR
4409,XEL
4410,XELA
4411,XENE
4412,XERS
4413,XES
4414,XFOR
4415,XHB
4416,XHR
4417,XL
4418,XLB
4419,XLC
4420,XLE
4421,XLF
4422,XLI
4423,XLK
4424,XLP
4425,XLRE
4426,XLU
4427,XLV
4428,XLY
4429,XM
4430,XME
4431,XMTR
4432,XNCR
4433,XNET
4434,XOM
4435,XOP
4436,XOS
4437,XP
4438,XPEL
4439,XPER
4440,XPEV
4441,XPO
4442,XPOF
4443,XPON
4444,XPRO
4445,XRAY
4446,XRT
4447,XRX
4448,XSOE
4449,XSPA
4450,XT
4451,XXII
4452,XYL
4453,XYLD
4454,YALA
4455,YANG
4456,YCBD
4457,YELL
4458,YELP
4459,YETI
4460,YEXT
4461,YI
4462,YINN
4463,YJ
4464,YMAB
4465,YMM
4466,YMTX
4467,YOU
4468,YPF
4469,YSG
4470,YTEN
4471,YUM
4472,YUMC
4473,YVR
4474,YY
4475,Z
4476,ZBH
4477,ZBRA
4478,ZD
4479,ZEN
4480,ZETA
4481,ZEV
4482,ZG
4483,ZH
4484,ZI
4485,ZIM
4486,ZIMV
4487,ZION
4488,ZIP
4489,ZLAB
4490,ZM
4491,ZNTL
4492,ZOM
4493,ZS
4494,ZSL
4495,ZTEK
4496,ZTO
4497,ZTS
4498,ZUMZ
4499,ZUO
4500,ZVIA
4501,ZVO
4502,ZWS
4503,ZY
4504,ZYME
4505,ZYNE
4506,ZYXI
